,MESIN PEMBANGKIT,SCOPE,JENIS PEMBANGKIT,DURASI,START,SELESAI,PROGRESS,RAPAT R2,RAPAT R3,RAPAT P1,RAPAT P2,RAPAT P3,KET,SISTEM,REAL START,REAL STOP,KET,,,,,,,,,
1,PLTD RAHA #7 (CUMMINS),Final Stage,PLTD,29,31/Oct/24,28/Nov/24,100.00%,1 Nov 23,04/May/24,02/Aug/24,01/Oct/24,24/Oct/24,CLOSE,RAHA,24 Sep 24,18 Okt 24,Selesai,8/1/2026 3:22:47,,ya,39,Rencana OH,,,,
2,PLTD RAHA #10 (CUMMINS),Second Stage,PLTD,14,10/Oct/24,23/Oct/24,0%,11/Oct/23,13/Apr/24,12/Jul/24,10/Sep/24,03/Oct/24,OPEN,RAHA,,,,,,tdk,38,Terkontrak/DO,,,,
3,PLTD RAHA #12 (MITSUBISHI),TO,PLTD,10,15/Sep/24,24/Sep/24,0%,16/Sep/23,19/Mar/24,17/Jun/24,16/Aug/24,08/Sep/24,OPEN,RAHA,,,,,,ya,1,Belum terkontrak/DO,,,,
4,PLTD RAHA #15 (MITSUBISHI),MO,PLTD,18,26/Aug/24,12/Sep/24,100%,27/Aug/23,28/Feb/24,28/May/24,27/Jul/24,19/Aug/24,CLOSE,RAHA,16 sept 24,16 Oktober,Selesai,,,ya,,,,,,"0,3"
5,PLTMG BAUBAU #01 (WARTSILA),PMS 24 K,PLTMG,21,08/Jul/24,28/Jul/24,100%,09/Jul/23,10/Jan/24,09/Apr/24,08/Jun/24,01/Jul/24,CLOSE,BAUBAU,1 July 24,20 Jul 24,selesai,,,ya,25,selesai,,,,
6,PLTMG BAUBAU #02 (WARTSILA),PMS 24 K,PLTMG,21,27/May/24,16/Jun/24,100%,28/May/23,29/Nov/23,27/Feb/24,27/Apr/24,20/May/24,CLOSE,BAUBAU,27 May 24,14 Jun 24,selesai,,,ya,4,on progress,,,,
7,PLTMG BAUBAU #03 (WARTSILA),PMS 24 K,PLTMG,21,17/Jun/24,07/Jul/24,100%,18/Jun/23,20/Dec/23,19/Mar/24,18/May/24,10/Jun/24,CLOSE,BAUBAU,22 Aug 24,11 sept 24,selesai,,,ya,10,belum mulai,,,,
8,PLTMG BAUBAU #04 (WARTSILA),PMS 24 K,PLTMG,21,29/Aug/24,18/Sep/24,100%,30/Aug/23,02/Mar/24,31/May/24,30/Jul/24,22/Aug/24,CLOSE,BAUBAU,24 Jul 24,12 Aug 24,selesai,,,ya,,,,,,
9,PLTD WANGI-WANGI #08 (MITSUBISHI),TO,PLTD,10,01/Sep/24,10/Sep/24,0%,02/Sep/23,05/Mar/24,03/Jun/24,02/Aug/24,25/Aug/24,OPEN,WAKATOBI,,,,,,ya,5,f,,,,
10,PLTD WANGI-WANGI #09 (MITSUBISHI),TO,PLTD,10,01/Oct/24,10/Oct/24,0%,02/Oct/23,04/Apr/24,03/Jul/24,01/Sep/24,24/Sep/24,OPEN,WAKATOBI,,,,,v,ya,34,nf,,,,
11,PLTD WANGI-WANGI #10 (Mitsubishi),SO,PLTD,15,26/Oct/24,09/Nov/24,0%,27/Oct/23,29/Apr/24,28/Jul/24,26/Sep/24,19/Oct/24,OPEN,WAKATOBI,,,,,,ya,,,,,,
12,PLTD WANGI-WANGI #12 (Mitsubishi),SO,PLTD,15,28/Nov/24,12/Dec/24,100%,29/Nov/23,01/Jun/24,30/Aug/24,29/Oct/24,21/Nov/24,CLOSE,WAKATOBI,2 Des 24,19 Dec 24,Selesai,,,ya,,,,,,
13,PLTD WANGI-WANGI #07 (CUMMINS),Second Stage,PLTD,14,07/Nov/24,20/Nov/24,0%,08/Nov/23,11/May/24,09/Aug/24,08/Oct/24,31/Oct/24,OPEN,WAKATOBI,,,,,,tdk,,,,,,
14,PLTD WANGI-WANGI #11 (CUMMINS),Final Stage,PLTD,28,01/Aug/24,28/Aug/24,0%,02/Aug/23,03/Feb/24,03/May/24,02/Jul/24,25/Jul/24,OPEN,WAKATOBI,,,,,v,ya,,,,,,
15,PLTD LANGARA #8 (MAN),SO,PLTD,14,06/Oct/24,19/Oct/24,0%,07/Oct/23,09/Apr/24,08/Jul/24,06/Sep/24,29/Sep/24,OPEN,WAWONII,29 Dec 25,,,,,tdk,,,,,,
16,PLTD LANGARA #14 (MITSUBISHI),TO,PLTD,10,01/Nov/24,10/Nov/24,100%,02/Nov/23,05/May/24,03/Aug/24,02/Oct/24,25/Oct/24,CLOSE,WAWONII,16 Nov 24,28 Nov 24,selesai,,,ya,,,,,,
17,PLTD LADUMPI #09 (MITSUBISHI) PLTD LANGARA #15,TO,PLTD,10,13/Mar/24,22/Mar/24,100%,14/Mar/23,15/Sep/23,14/Dec/23,12/Feb/24,06/Mar/24,CLOSE,WAWONII,,,selesai,,,ya,,,,,,
18,PLTD EREKE #10 (CUMMINS),Second Stage,PLTD,14,27/Jul/24,09/Aug/24,0%,28/Jul/23,29/Jan/24,28/Apr/24,27/Jun/24,20/Jul/24,OPEN,EREKE,,,,,,tdk,,,,,,
19,PLTD EREKE #11 (CUMMINS QSK),Second Stage,PLTD,14,14/Nov/24,27/Nov/24,0%,15/Nov/23,18/May/24,16/Aug/24,15/Oct/24,07/Nov/24,OPEN,SUB. S. KENDARI,,,,,,tdk,,,,,,
20,PLTMG NII TANASA #01 (WARTSILA),PMS 24 K,PLTMG,20,09/Aug/24,28/Aug/24,100%,10/Aug/23,11/Feb/24,11/May/24,10/Jul/24,02/Aug/24,CLOSE,SUB. S. KENDARI,24 Sept 24,09 okt,selesai,,,ya,,,,,,
21,PLTMG NII TANASA #02 (WARTSILA),PMS 24 K,PLTMG,20,15/Dec/24,03/Jan/25,100%,16/Dec/23,18/Jun/24,16/Sep/24,15/Nov/24,08/Dec/24,CLOSE,SUB. S. KENDARI,2 sept 24,20 sept 24,selesai,,,ya,,,,,,
22,PLTMG NII TANASA #03 (WARTSILA),PMS 20 K,PLTMG,17,17/Jun/24,03/Jul/24,100%,18/Jun/23,20/Dec/23,19/Mar/24,18/May/24,10/Jun/24,CLOSE,SUB. S. KENDARI,20 Jun24,07 Jul24,selesai,,,ya,,,,,,
23,PLTMG NII TANASA #04 (WARTSILA),PMS 20 K,PLTMG,17,06/May/24,22/May/24,100%,07/May/23,08/Nov/23,06/Feb/24,06/Apr/24,29/Apr/24,CLOSE,SUB. S. KENDARI,7 May 24,22 May 24,selesai,7 May 24,,ya,,,,,,
24,PLTMG NII TANASA #05 (WARTSILA),PMS 20 K,PLTMG,17,08/Jul/24,24/Jul/24,100%,09/Jul/23,10/Jan/24,09/Apr/24,08/Jun/24,01/Jul/24,CLOSE,SUB. S. KENDARI,11 Jul 24,27 Jul 24,selesai,,,ya,,,,,,
25,PLTMG NII TANASA #06 (WARTSILA),PMS 20 K,PLTMG,17,27/May/24,12/Jun/24,100%,28/May/23,29/Nov/23,27/Feb/24,27/Apr/24,20/May/24,CLOSE,SUB. S. KENDARI,27 May 24,15 Jun 24,selesai,,,ya,,,,,,
26,PLTD POASIA #01 (MIRRLEES),TO,PLTD,12,01/Sep/24,12/Sep/24,0%,02/Sep/23,05/Mar/24,03/Jun/24,02/Aug/24,25/Aug/24,OPEN,SUB. S. KENDARI,,,,,,ya,,,,,,
27,PLTD WUA-WUA #03 (MAK),TO,PLTD,14,15/Sep/24,28/Sep/24,0%,16/Sep/23,19/Mar/24,17/Jun/24,16/Aug/24,08/Sep/24,OPEN,SUB. S. KENDARI,,,,,,ya,,,,,,
28,PLTM SABILAMBO (ZHEJIANG JINLUN),AI,PLTM,7,04/Mar/24,10/Mar/24,100%,05/Mar/23,06/Sep/23,05/Dec/23,03/Feb/24,26/Feb/24,CLOSE,SUB. S. KENDARI,,,selesai,,,ya,,,,,,
29,PLTM SABILAMBO (ZHEJIANG JINLUN),AI,PLTM,7,14/Mar/24,20/Mar/24,100%,15/Mar/23,16/Sep/23,15/Dec/23,13/Feb/24,07/Mar/24,CLOSE,SUB. S. KENDARI,,,selesai,,,ya,,,,,,
30,PLTM WINNING #1,GI,PLTM,10,26/Aug/24,04/Sep/24,100%,27/Aug/23,28/Feb/24,28/May/24,27/Jul/24,19/Aug/24,CLOSE,BAUBAU,14 Dec 24,19 Dec 24,selesai,,,ya,,,,,,
31,PLTM WINNING #2,AI,PLTM,7,2/Sep/24,08/Sep/24,100%,3/Sep/23,6/Mar/24,4/Jun/24,3/Aug/24,26/Aug/24,CLOSE,BAUBAU,14 Dec 24,19 Dec 24,selesai,,,ya,,,,,,
32,PLTM RONGI #1,GI,PLTM,10,11/Mar/24,20/Mar/24,100%,12/Mar/23,13/Sep/23,12/Dec/23,10/Feb/24,04/Mar/24,CLOSE,BAUBAU,,,selesai,,,ya,,,,,,
33,PLTM RONGI #2,GI,PLTM,10,22/Mar/24,31/Mar/24,100%,23/Mar/23,24/Sep/23,23/Dec/23,21/Feb/24,15/Mar/24,CLOSE,BAUBAU,,,selesai,,,ya,,,,,,
34,PLTM MIKUASI,MO,PLTM,30,07/Oct/24,05/Nov/24,100%,08/Oct/23,10/Apr/24,09/Jul/24,07/Sep/24,30/Sep/24,CLOSE,SUB. S. KENDARI,6 Nov 24,14 Dec 24,selesai,,,ya,,,,,,
,,,,,,,,,,,,,,,,,,,,,,,,,,
1,PLTD WUA-WUA #01 (MAK),SO,PLTD,18,14/03/2025,01 Apr 25,0%,-,15/09/2024,14/12/2024,12/02/2025,07/03/2025,OPEN,SUB. S. KENDARI,,,,,,,,,,,,
2,PLTD WUA-WUA #02 (MAK),SO,PLTD,18,21/08/2025,7 September 25,0%,-,22/02/2025,23/05/2025,22/07/2025,14/08/2025,OPEN,SUB. S. KENDARI,,,,,,,,,,,,
3,PLTD WUA-WUA #03 (MAK,TO,PLTD,14,21/02/2025,6 Mar 25,100%,-,25/08/2024,23/11/2024,22/01/2025,14/02/2025,CLOSE,SUB. S. KENDARI,9 Apr 25,25 Apr 25,Selesai,ditunda karena tidak ada izin dari PLN UP2B,,,,,,,,
3,PLTD WUA-WUA #04 (MAK),MO,PLTD,23,28/07/2025,19 Aug 25,0%,28/07/2024,29/01/2025,29/04/2025,28/06/2025,21/07/2025,OPEN,,,,,,,,,,,,,
4,PLTD WUA-WUA #05 (MAK),TO,PLTD,14,18/08/2025,1 Sep 25,0%,-,19/02/2025,20/05/2025,19/07/2025,11/08/2025,OPEN,,,,,,,,,,,,,
5,PLTD POASIA #01 (MIRRLEES),TO,PLTD,18,14/04/2025,1 May 25,100%,-,16/10/2024,14/01/2025,15/03/2025,07/04/2025,CLOSE,,15 Apr 25,7 Juni 25,selesai,,,,,,,,,
6,PLTD POASIA #02 (MIRRLEES),SO,PLTD,18,13/09/2025,1 Oct 25,0%,-,17/03/2025,15/06/2025,14/08/2025,06/09/2025,OPEN,,,,,,,,,,,,,
7,PLTD POASIA #04 (MIRRLEES),TO,PLTD,18,09/06/2025,26 Jun 25,98%,-,11/12/2024,11/03/2025,10/05/2025,02/06/2025,OPEN,,4 Dec 25,20 Apr 26,Selesai,1 Nov,18 Nov 25,,,,,,,
8,PLTD POASIA #05 (MIRRLEES),MO,PLTD,23,30/06/2025,22 Jul 25,0%,30/06/2024,01/01/2025,01/04/2025,31/05/2025,23/06/2025,OPEN,,,,,20 Nov,19 Dec,,,,,,,
9,PLTD KOLAKA #03 (DAIHATSU),SO,PLTD,14,19/01/2025,2 Feb 25,0%,-,23/07/2024,21/10/2024,20/12/2024,12/01/2025,OPEN,,,,,,,,,,,,,
10,PLTD KOLAKA #04 (DAIHATSU),TO,PLTD,10,19/02/2025,1 Mar 25,0%,-,23/08/2024,21/11/2024,20/01/2025,12/02/2025,OPEN,,,,,,,,,,,,,
11,PLTD KOLAKA #05 (DAIHATSU),MO,PLTD,18,03/10/2025,20 Oct 25,0%,03/10/2024,06/04/2025,05/07/2025,03/09/2025,26/09/2025,OPEN,,,,,,,,,,,,,
12,PLTD KOLAKA #08 (MAK),SO,PLTD,18,13/04/2025,1 May 25,0%,-,15/10/2024,13/01/2025,14/03/2025,06/04/2025,OPEN,,,,,,,,,,,,,
13,PLTD KOLAKA #09 (MAK),MO,PLTD,23,10/09/2025,2 Oct25,0%,10/09/2024,14/03/2025,12/06/2025,11/08/2025,03/09/2025,OPEN,,,,,,,,,,,,,
14,PLTD LANIPA NIPA #02 (DEUTZ),MO,PLTD,23,03/06/2025,1 Jul 25,0%,03/06/2024,05/12/2024,05/03/2025,04/05/2025,27/05/2025,OPEN,,,,,6 okt 25,28 okt 25,,,,,,,
15,PLTD LANIPA NIPA #09 (MAN),TO,PLTD,10,21/09/2025,1 Oct 25,0%,-,25/03/2025,23/06/2025,22/08/2025,14/09/2025,OPEN,,,,,,,,,,,,,
16,PLTM SABILAMBO #01 (ZHEJIANG JINLUN),AI,PLTM,7,19/05/2025,25 May 25,100%,-,20/11/2024,18/02/2025,19/04/2025,12/05/2025,CLOSE,,5 Dec 25,13 Dec 25,selesai,1 sept 25,7 sept 25,,,,,,,
17,PLTM SABILAMBO #02 (ZHEJIANG JINLUN),AI,PLTM,7,26/05/2025,1 Jun 25,100%,-,27/11/2024,25/02/2025,26/04/2025,19/05/2025,CLOSE,,24 Nop 25,4 Dec 25,selesai,9 sept 25,15 sept 25,,,,,,,
18,PLTM MIKUASI #01,AI,PLTM,7,17/11/2025,23 Nov 25,100%,-,21/05/2025,19/08/2025,18/10/2025,10/11/2025,CLOSE,,5 Dec 25,10 Dec 25,selesai,,,,,,,,,
19,PLTD BAU-BAU #05 (DAIHATSU),SO,PLTD,14,18/08/2025,1 Sep 25,0%,-,19/02/2025,20/05/2025,19/07/2025,11/08/2025,OPEN,,,,,,,,,,,,,
20,PLTD BAU-BAU #07 (DEUTZ),TO,PLTD,14,18/07/2025,1 Aug 25,0%,-,19/01/2025,19/04/2025,18/06/2025,11/07/2025,OPEN,,,,,,,,,,,,,
21,PLTD BAU-BAU #13 (DEUTZ),TO,PLTD,14,9 Sep 25,22 Sep 25,100%,-,13 Mar 25,11 Jun 25,10 Aug 25,2 Sep 25,CLOSE,,25 Nov 2025,21 Dec 25,Selesai,,,,,,,,,
22,PLTM WINNING #01,AI,PLTM,7,01/10/2025,7 October 25,100%,-,04/04/2025,03/07/2025,01/09/2025,24/09/2025,CLOSE,,1 Des 25,7 Dec 25,Selesai,,,,,,,,,
23,PLTM WINNING #02,AI,PLTM,7,08/10/2025,14 October 25,100%,-,11/04/2025,10/07/2025,08/09/2025,01/10/2025,CLOSE,,8 Dec 25,14 Dec 25,Selesai,,,,,,,,,
24,PLTM RONGI #01,AI,PLTM,7,15/10/2025,21 October 25,0%,-,18/04/2025,17/07/2025,15/09/2025,08/10/2025,OPEN,,,,,,,,,,,,,
25,PLTM RONGI #02,AI,PLTM,7,22/10/2025,28 October 25,100%,-,25/04/2025,24/07/2025,22/09/2025,15/10/2025,CLOSE,,31 Jul 2025,17 Aug 2025,Selesai,,,,,,,,,
26,PLTD RAHA #04 (DAIHATSU),TO,PLTD,10,21/04/2025,1 May 25,0%,-,23/10/2024,21/01/2025,22/03/2025,14/04/2025,OPEN,,,,,,,,,,,,,
27,PLTD RAHA #05 (MIRRLEES),MO,PLTD,23,01/05/2025,23 May 25,0%,01/05/2024,02/11/2024,31/01/2025,01/04/2025,24/04/2025,OPEN,,,,,3 Nov,25 Nov,,,,,,,
28,PLTD RAHA #06 (DEUTZ),TO,PLTD,10,22/05/2025,1 Jun 25,0%,-,23/11/2024,21/02/2025,22/04/2025,15/05/2025,OPEN,,,,,,,,,,,,,
29,PLTD RAHA #9 (CUMMINS),Final Stage,PLTD,29,20/04/2025,18 May 25,100%,20/04/2024,22/10/2024,20/01/2025,21/03/2025,13/04/2025,CLOSE,,25 Jul 2025,14 Nop 25,selesai,21 Jul 25,18 Aug 25,PLTD RAHA #9 (CUMMINS),,,,,,
30,PLTD RAHA #10 (CUMMINS),2ND STAGE,PLTD,14,10/09/2025,23 Sep 25,0%,-,14/03/2025,12/06/2025,11/08/2025,03/09/2025,OPEN,,,,,10/09/2025,23 Sep 25,PLTD RAHA #10 (CUMMINS),,,,,,
31,PLTD RAHA #11 (CUMMINS),Final Stage,PLTD,29,19/05/2025,16 Jun 25,100%,19/05/2024,20/11/2024,18/02/2025,19/04/2025,12/05/2025,CLOSE,,8 Dec 2025,25 Feb 26,Selesai,14 Nov 25,12 Dec 25,PLTD RAHA #11 (CUMMINS),,11.400,,,,
32,PLTD RAHA #12 (MITSUBISHI),TO,PLTD,10,20 Sep 25,29 Sep 25,100%,-,24 Mar 25,22 Jun 25,21 Aug 25,13 Sep 25,CLOSE,,26 Jul 2025,05 Aug 2025,Selesai,,,,,,,,,
33,PLTD EREKE #09 (DAIHATSU),SO,PLTD,14,17/06/2025,1 Jul 25,0%,-,19/12/2024,19/03/2025,18/05/2025,10/06/2025,OPEN,,,,,,,,,,,,,
34,PLTD EREKE #10 (CUMMINS),Final Stage,PLTD,29,30/07/2025,27 Aug 25,100%,30/07/2024,31/01/2025,01/05/2025,30/06/2025,23/07/2025,CLOSE,,26 Okt 25,26 Nop 26,selesai,24 Sep 25,22 Oct 25,PLTD EREKE #10 (CUMMINS),,,,,,
35,PLTD EREKE #11 (CUMMINS),Final Stage,PLTD,29,12/05/2025,9 Jun 25,0%,12/05/2024,13/11/2024,11/02/2025,12/04/2025,05/05/2025,OPEN,,,,,24 Oct 25,21 Nov 25,PLTD EREKE #11 (CUMMINS),,,,,,
36,PLTD EREKE #12 (CUMMINS) (EX PLTD BAUBAU #18),Final Stage,PLTD,29,01/07/2025,29 Jul 25,100%,01/07/2024,02/01/2025,02/04/2025,01/06/2025,24/06/2025,CLOSE,,18 Sep 2025,23 Oct 25,selesai,25 Aug 25,22 Sep 25,PLTD EREKE #12 (CUMMINS) (EX PLTD BAUBAU #18),,,,,,
37,PLTD WANGI-WANGI #02 (DAIHATSU),SO,PLTD,14,18/08/2025,1 Sep 25,0%,-,19/02/2025,20/05/2025,19/07/2025,11/08/2025,OPEN,,,,,,,,,,,,,
38,PLTD WANGI-WANGI #07 (CUMMINS),Final Stage,PLTD,29,26/05/2025,23 June 25,100%,26/05/2024,27/11/2024,25/02/2025,26/04/2025,19/05/2025,CLOSE,,4 Oct 25,12 Nov 25,Selesai,25 Aug 25,22 Sep 25,PLTD WANGI-WANGI #07 (CUMMINS),,,,,,
39,PLTD WANGI-WANGI #08 (MITSUBISHI) (EX-PLTD GI TELLO),TO,PLTD,10,02/03/2025,11 Mar 25,100%,-,03/09/2024,02/12/2024,31/01/2025,23/02/2025,CLOSE,,17 Mei 2025,14 Jun 2025,selesai,,,,,,,,,
40,PLTD WANGI-WANGI #09 (MITSUBISHI) (EX-PLTD GI TELLO),TO,PLTD,10,04/08/2025,13 Aug 25,100%,-,05/02/2025,06/05/2025,05/07/2025,28/07/2025,CLOSE,,16 Aug 2025,25 Aug 2025,selesai,20 Aug 2025,30 Aug 2025,,,,,,,
41,PLTD WANGI-WANGI #10 (Mitsubishi) EX PLTD BAU-BAU #23,SO,PLTD,14,17/02/2025,2 Mar 25,100%,-,21/08/2024,19/11/2024,18/01/2025,10/02/2025,CLOSE,,21 Feb 2025,30 Apr 25,selesai,"terdapat temuan pada pompa oli rusak (com test, 17 maret 2025) dan permasalahan injection pump sehingga pekerjaan dilanjutkan setelah idul fitri",,,,,,,,
42,PLTD WANGI-WANGI #11 (CUMMINS) EX PLTD BAUBAU #20,Final Stage,PLTD,29,20/01/2025,17 Feb 25,100%,21/01/2024,24/07/2024,22/10/2024,21/12/2024,13/01/2025,CLOSE,,20 Jan 2025,20 Feb 2025,selesai,gangguan turbo pada saat pengujian,,,,,,,,
43,PLTD WANGI-WANGI #12 (MITSUBISHI) EX PLTD BAU-BAU #22,TO,PLTD,10,10/11/2025,19 Nov 25,100%,-,14/05/2025,12/08/2025,11/10/2025,03/11/2025,CLOSE,,30 Aug 2025,8 Sep 2025,selesai,15 Aug 25,24 Aug 25,,,,,,,
44,PLTD LANGARA #11 (CUMMINS),2ND STAGE,PLTD,14,12/05/2025,25 May 25,100%,-,13/11/2024,11/02/2025,12/04/2025,05/05/2025,CLOSE,,1 Nov 2025,16 Nop 25,Selesai,5 Nov 25,18 Nov 25,,,,,,,
45,PLTD LANGARA #12 (CUMMINS),2ND STAGE,PLTD,14,28/04/2025,11 May 25,100%,-,30/10/2024,28/01/2025,29/03/2025,21/04/2025,CLOSE,,18 Nov 2025,29 Dec 25,Selesai,20 Nov 25,3 Dec 25,,,,,,,
46,PLTD LANGARA #13 (MAN),TO,PLTD,10,23/05/2025,2 Jun 25,100%,-,24/11/2024,22/02/2025,23/04/2025,16/05/2025,CLOSE,,7 Jan 26,17 Jan 26,selesai,1 Dec 25,10 Dec 25,,,,,,,
47,PLTD LANGARA #14 (MITSUBISHI) EX PLTD LAMBUYA #09 (EX-PLTD GI TELLO),SO,PLTD,14,25/10/2025,7 Nov 25,100%,-,28/04/2025,27/07/2025,25/09/2025,18/10/2025,CLOSE,,17 Sep 2025,29 Sep 2025,Selesai,20 Oct 25,2 Nov 25,,,,,,,
48,PLTD LANGARA #15 (MITSUBISHI) (EX PLTD LADUMPI #09),SO,PLTD,14,14/04/2025,27 Apr 25,100%,-,16/10/2024,14/01/2025,15/03/2025,07/04/2025,CLOSE,,14 Jul 2025,03 Aug 2025,Selesai,12 Jul 25,26 Jul 25,,,,,,,
49,PLTD POASIA #08 (CUMMINS) EX PLTD BAUBAU #19,2ND STAGE,PLTD,14,13/10/2025,26 Oct 25,100%,-,16/04/2025,15/07/2025,13/09/2025,06/10/2025,CLOSE,,25 Nov 2025,28 Dec 2025,Selesai,13/10/2025,26 Oct 25,PLTD POASIA #08 (CUMMINS) EX PLTD BAUBAU #19,,,,,,
50,PLTMG NII TANASA #01 (WARTSILA),PMS 32K,PLTMG,18,19/01/2026,2 May 26,0%,19/01/2025,23/07/2025,21/10/2025,20/12/2025,12/01/2026,OPEN,,,,,,,,,,,,,
51,PLTMG NII TANASA #02 (WARTSILA),PMS 32K,PLTMG,18,08/02/2026,26 Feb 26,0%,08/02/2025,12/08/2025,10/11/2025,09/01/2026,01/02/2026,OPEN,,,,,,,,,,,,,
52,PLTMG NII TANASA #03 (WARTSILA),PMS 24 K,PLTMG,17,11/02/2026,28 Feb 26,0%,11/02/2025,15/08/2025,13/11/2025,12/01/2026,04/02/2026,OPEN,,,,,,,,,,,,,
53,PLTMG NII TANASA #04 (WARTSILA),PMS 24 K,PLTMG,17,06/01/2026,23 Jan 26,85%,06/01/2025,10/07/2025,08/10/2025,07/12/2025,30/12/2025,OPEN,,8 Jan 26,,On Progress,,,,,,,,,
54,PLTMG NII TANASA #05 (WARTSILA),PMS 24 K,PLTMG,17,24/01/2026,10 Feb 26,0%,24/01/2025,28/07/2025,26/10/2025,25/12/2025,17/01/2026,OPEN,,,,,,,,,,,,,
55,PLTMG NII TANASA #06 (WARTSILA),PMS 24 K,PLTMG,17,01/03/2026,18 Mar 26,0%,01/03/2025,02/09/2025,01/12/2025,30/01/2026,22/02/2026,OPEN,,,,,,,,,,,,,
56,PLTMG BAUBAU #03 (WARTSILA),PMS 32K,PLTMG,18,3-Apr-26,21 Apr 26,0%,3-Apr-25,5-Oct-25,3-Jan-26,4-Mar-26,27-Mar-26,OPEN,,,,,,,,,,,,,
57,PLTMG BAUBAU #04 (WARTSILA),PMS 32K,PLTMG,18,27-May-26,14 Jun 26,0%,27-May-25,28-Nov-25,26-Feb-26,27-Apr-26,20-May-26,OPEN,,,,,,,,,,,,,
58,PLTMG BAUBAU #01 (WARTSILA),PMS 32K,PLTMG,18,20-Jun-26,8 Jul 26,0%,20-Jun-25,22-Dec-25,22-Mar-26,21-May-26,13-Jun-26,OPEN,,,,,,,,,,,,,
59,PLTMG BAUBAU #02 (WARTSILA),PMS 32K,PLTMG,18,14-Jul-26,1 Aug 26,0%,14-Jul-25,15-Jan-26,15-Apr-26,14-Jun-26,7-Jul-26,OPEN,,,,,,,,,,,,,
60,PLTMG RANGKO FLORES #01 (WARTSILA),PMS 40K,PLTMG,25,26-Sep-25,21 Oct 25,100%,26-Sep-24,30-Mar-25,28-Jun-25,27-Aug-25,19-Sep-25,CLOSE,,6 Oct 25,28 Oct 25,,,,,,,,,,
61,PLTMG RANGKO FLORES #02 (WARTSILA),PMS 40K,PLTMG,25,21-Oct-25,15 Nov 25,0%,21-Oct-24,24-Apr-25,23-Jul-25,21-Sep-25,14-Oct-25,OPEN,,,,,,,,,,,,,
62,PLTMG RANGKO FLORES #03 (WARTSILA),PMS 32K,PLTMG,25,16-Jul-25,10 Aug 25,100%,16-Jul-24,17-Jan-25,17-Apr-25,16-Jun-25,9-Jul-25,CLOSE,,4 Nov 25,26 Nov 25,,,,,,,,,,
63,PLTMG MAUMERE #01 (WARTSILA),PMS 24 K,PLTMG,14,01/05/2025,15 May 25,100%,01/05/2024,02/11/2024,31/01/2025,01/04/2025,24/04/2025,CLOSE,,14 Jan 25,26 Jan 25,,,,,,,,,,
64,PLTMG MAUMERE #02 (WARTSILA),PMS 24 K,PLTMG,14,15/05/2025,29 May 25,100%,15/05/2024,16/11/2024,14/02/2025,15/04/2025,08/05/2025,CLOSE,,15 Sept 25,6 Oct 25,,,,,,,,,,
65,PLTMG MAUMERE #03 (WARTSILA),PMS 24 K,PLTMG,14,08/06/2025,22 Jun 25,100%,08/06/2024,10/12/2024,10/03/2025,09/05/2025,01/06/2025,CLOSE,,21 Aug 25,11 sept 25,,,,,,,,,,
66,PLTMG MAUMERE #04 (WARTSILA),PMS 24 K,PLTMG,14,22/06/2025,6 Jul 25,100%,22/06/2024,24/12/2024,24/03/2025,23/05/2025,15/06/2025,CLOSE,,25 Jul 25,15 Aug 25,,,,,,,,,,
,,,,,,,,,,,,,,,,,,,,,,,,,,
1,PLTD WUA-WUA #02 (MAK),SO,PLTD,20,18 Feb 26,3/10/2026,0%,,22 Aug 25,20 Nov 25,19 Jan 26,11 Feb 26,OPEN,,,,,6 Jul 24,07-25-24,,,,,,,
2,PLTD WUA-WUA #04 (MAK),MO,PLTD,35,12 Jan 26,2/16/2026,100%,,16 Jul 25,14 Oct 25,13 Dec 25,5 Jan 26,CLOSE,,10 Apr 26,22 May 26,Selesai,6 Apr 26,05-10-26,,,,,,,
3,PLTD POASIA #02 (MIRRLEES),SO,PLTD,18,13 Sep 26,10/1/2026,0%,,17 Mar 26,15 Jun 26,14 Aug 26,6 Sep 26,OPEN,,,,,,,,,,,,,
4,PLTD POASIA #06 (CUMMINS) EX PLTD BAUBAU #14,Final Stage,PLTD,29,05 Apr 26,3 May 26,100%,05 Apr 25,07 Oct 25,05 Jan 26,06 Mar 26,29 Mar 26,CLOSE,,6 Apr 26,11 May 26,Selesai,,,,,,,,,
5,PLTD POASIA #07 (CUMMINS) EX PLTD BAUBAU #15,Final Stage,PLTD,29,9 May 26,6 Jun 26,100%,9 May 25,10 Nov 25,8 Feb 26,9 Apr 26,2 May 26,CLOSE,,22 May 26,24 Jul 26,Selesai,,,,,,,,,
6,PLTD KOLAKA #03 (DAIHATSU),SO,PLTD,14,9 Feb 26,22 Feb 26,100%,,13 Aug 25,11 Nov 25,10 Jan 26,2 Feb 26,CLOSE,,6 Jun 26,28 Jun 26,Selesai,6 Jul 24,07-19-24,,,,,,,
7,PLTD KOLAKA #09 (MAK),MO,PLTD,35,30 Mar 26,3 May 26,100%,30 Mar 25,1 Oct 25,30 Dec 25,28 Feb 26,23 Mar 26,CLOSE,,24 May 26,12 Jul 26,Selesai,14 May 26,06-17-26,,,,,,,
8,PLTD LANIPA NIPA #09 (MAN),TO,PLTD,10,20 Sep 26,29 Sep 26,0%,,24 Mar 26,22 Jun 26,21 Aug 26,13 Sep 26,OPEN,,,,,,,,,,,,,
9,PLTD LANIPA NIPA #04 (DEUTZ),MO,PLTD,33,20 Jun 26,22 Jul 26,100%,20 Jun 25,22 Dec 25,22 Mar 26,21 May 26,13 Jun 26,CLOSE,,17 Jun 26,28 Jul 26,Selesai,12 May 26,06-13-26,06/17/2026,19 Jul 26,,,,,
10,PLTM SABILAMBO #01 (ZHEJIANG JINLUN),MO,PLTM,40,9 Apr 26,18 May 26,0%,9 Apr 25,11 Oct 25,9 Jan 26,10 Mar 26,2 Apr 26,OPEN,,,,,21 Sep 26,10-30-26,,,,,,,
11,PLTM SABILAMBO #02 (ZHEJIANG JINLUN),MO,PLTM,40,24 Apr 26,2 Jun 26,0%,24 Apr 25,26 Oct 25,24 Jan 26,25 Mar 26,17 Apr 26,OPEN,,,,,1 Nov 26,12-10-26,,,,,,,
12,PLTM MIKUASI #01,AI,PLTM,7,9 Nov 26,15 Nov 26,0%,-,13 May 26,11 Aug 26,10 Oct 26,2 Nov 26,OPEN,,,,,,,,,,,,,
13,PLTD BAU-BAU #05 (DAIHATSU),SO,PLTD,14,15 Sep 26,28 Sep 26,0%,-,19 Mar 26,17 Jun 26,16 Aug 26,8 Sep 26,OPEN,,,,,23 Nov 26,12-06-26,,,,,,,
14,PLTD BAU-BAU #07 (DEUTZ),TO,PLTD,15,18 Jul 26,1 Aug 26,0%,-,19 Jan 26,19 Apr 26,18 Jun 26,11 Jul 26,OPEN,,,,,4 Sep 26,09-18-26,,,,,,,
15,PLTD BAU-BAU #08 (DEUTZ),MO,PLTD,33,9 Apr 26,11 May 26,0%,9 Apr 25,11 Oct 25,9 Jan 26,10 Mar 26,2 Apr 26,OPEN,,,,,9 Aug 26,09-10-26,07/26/2026,27 Aug 26,,,,,
16,PLTD BAU-BAU #17 (CUMMINS),2ND STAGE,PLTD,11,16 Feb 26,26 Feb 26,100%,16 Feb 25,20 Aug 25,18 Nov 25,17 Jan 26,9 Feb 26,CLOSE,,17 May 26,24 Jul 26,Selesai,7 Apr 26,04-17-26,,,,,,,
17,PLTM WINNING #01,AI,PLTM,7,13 Nov 26,19 Nov 26,0%,-,17 May 26,15 Aug 26,14 Oct 26,6 Nov 26,OPEN,,,,,15 Nov 26,11-21-26,,,,,,,
18,PLTM WINNING #02,MO,PLTM,40,5 October 26,13 Nov 26,0%,5 October 25,8 April 26,7 July 26,5 September 26,28 September 26,OPEN,,,,,,,,,,,,,
19,PLTM RONGI #01,AI,PLTM,7,13 May26,19 May 26,100%,-,14 Nov25,12 Feb26,13 Apr26,6 May26,CLOSE,,8 May 26,16 May 26,selesai,1 Oct 26,10-07-26,,,,,,,
20,PLTM RONGI #02,AI,PLTM,7,13 May26,19 May 26,0%,-,14 Nov25,12 Feb26,13 Apr26,6 May26,OPEN,,,,,8 Oct 26,10-14-26,,,,,,,
21,PLTD RAHA #4 (DAIHATSU),TO,PLTD,14,21 Apr 26,4 May 26,0%,-,23 Oct 25,21 Jan 26,22 Mar 26,14 Apr 26,OPEN,,,,,23 Nov 26,12-06-26,,,,,,,
22,PLTD RAHA #5 (MIRRLESS),MO,PLTD,21,5 February 26,25 Feb 26,0%,-,9 August 25,7 November 25,6 January 26,29 January 26,OPEN,,,,,21 Aug 26,09-10-26,,,,,,,
23,PLTD RAHA #6 (DEUTZ BV),TO,PLTD,15,22 May 26,5 Jun 26,0%,22 May 25,23 November 25,21 February 26,22 April 26,15 May 26,OPEN,,,,,21 Sep 26,10-05-26,,,,,,,
24,PLTD RAHA #8 (CUMMINS),Final Stage,PLTD,29,10 Jun 26,8 Jul 26,0%,10 Jun 25,12 Dec 25,12 Mar 26,11 May 26,3 Jun 26,OPEN,,,,,6 Aug 26,09-03-26,,,,,,,
25,PLTD RAHA #15 (Mitsubishi) EX PLTD BAU-BAU #21,TO,PLTD,10,9 Nov 26,18 Nov 26,0%,-,13 May 26,11 Aug 26,10 Oct 26,2 Nov 26,OPEN,,,,,11 Nov 26,11-20-26,,,,,,,
26,PLTD EREKE #07 (DAIHATSU),SO,PLTD,18,25 August 26,11 Sep 26,0%,-,26 February 26,27 May 26,26 July 26,18 August 26,OPEN,,,,,,,,,,,,,
27,PLTD EREKE #9 (DAIHATSU),SO,PLTD,18,1 Feb 26,18 Feb 26,0%,-,5 Aug 25,3 Nov 25,2 Jan 26,25 Jan 26,OPEN,,,,,7 Aug 26,08-24-26,,,,,,,
28,PLTD EREKE #10 (CUMMINS),2ND STAGE,PLTD,14,11 September 26,24 Sep 26,0%,-,15 March 26,13 June 26,12 August 26,4 September 26,OPEN,,,,,,,,,,,,,
29,PLTD EREKE #12 (CUMMINS) (EX PLTD BAUBAU #18),2ND STAGE,PLTD,14,29 Sep 26,12 Oct 26,0%,-,2 Apr 26,1 Jul 26,30 Aug 26,22 Sep 26,OPEN,,,,,,,,,,,,,
30,PLTD WANGI-WANGI #02 (DAIHATSU),SO,PLTD,14,18 Aug 26,31 Aug 26,0%,,19 Feb 26,20 May 26,19 Jul 26,11 Aug 26,OPEN,,,,,,,,,,,,,
31,PLTD WANGI-WANGI #03 (SWD),TO,PLTD,14,7 May 26,20 May 26,0%,-,8 Nov 25,6 Feb 26,7 Apr 26,30 Apr 26,OPEN,,,,,7 Sep 26,09-20-26,,,,,,,
32,PLTD WANGI-WANGI #07 (CUMMINS),2ND STAGE,PLTD,11,23 Jun 26,3 Jul 26,0%,-,25 Dec 25,25 Mar 26,24 May 26,16 Jun 26,OPEN,,,,,19 Oct 26,10-29-26,,,,,,,
33,PLTD WANGI-WANGI #08 (MITSUBISHI) (EX-PLTD GI TELLO),SO,PLTD,15,13 Apr 26,27 Apr 26,0%,-,15 Oct 25,13 Jan 26,14 Mar 26,6 Apr 26,OPEN,,,,,21 Jun 26,07-05-26,,,,,,,
34,PLTD WANGI-WANGI #09 (MITSUBISHI) (EX-PLTD GI TELLO),SO,PLTD,15,6 Jul 26,20 Jul 26,0%,-,7 Jan 26,7 Apr 26,6 Jun 26,29 Jun 26,OPEN,,,,,7 Jul 26,07-21-26,,,,,,,
35,PLTD WANGI-WANGI #10 (Mitsubishi) EX PLTD BAU-BAU #23,MO,PLTD,18,12 Jan 26,29 Jan 26,0%,12 Jan 25,16 Jul 25,14 Oct 25,13 Dec 25,5 Jan 26,OPEN,,,,,2 Jun 26,06-19-26,,,,,,,
36,PLTD WANGI-WANGI #11 (CUMMINS) EX PLTD BAUBAU #20,Final Stage,PLTD,29,1 Feb 26,1 Mar 26,0%,1 Feb 25,5 Aug 25,3 Nov 25,2 Jan 26,25 Jan 26,OPEN,,,,,2 Nov 26,11-30-26,,,,,,,
37,PLTD WANGI-WANGI #12 (MITSUBISHI) EX PLTD BAU-BAU #22,MO,PLTD,18,2 Nov 26,19 Nov 26,0%,2 Nov 25,6 May 26,4 Aug 26,3 Oct 26,26 Oct 26,OPEN,,,,,27 Sep 26,10-14-26,,,,,,,
38,PLTD LANGARA #11 (CUMMINS),Final Stage,PLTD,29,12 Jun 26,10 Jul 26,0%,12 Jun 25,14 Dec 25,14 Mar 26,13 May 26,5 Jun 26,OPEN,,,,,4 Aug 26,09-01-26,,,,,,,
39,PLTD LANGARA #12 (CUMMINS),Final Stage,PLTD,29,3 Jul 26,31 Jul 26,0%,3 Jul 25,4 Jan 26,4 Apr 26,3 Jun 26,26 Jun 26,OPEN,,,,,3 Sep 26,10-01-26,,,,,,,
40,PLTD LANGARA #14 (MITSUBISHI) EX PLTD LAMBUYA #09 (EX-PLTD GI TELLO),TO,PLTD,10,1 Oct 26,10 Oct 26,0%,-,4 Apr 26,3 Jul 26,1 Sep 26,24 Sep 26,OPEN,,,,,4 Jul 26,07-13-26,,,,,,,
41,PLTD LANGARA #15 (MITSUBISHI) (EX PLTD LADUMPI #09),TO,PLTD,10,20 May 26,29 May 26,0%,-,21 Nov 25,19 Feb 26,20 Apr 26,13 May 26,OPEN,,,,,22 Jun 26,07-01-26,,,,,,,
42, PLTD POASIA #05 (MIRRLEES),MO,PLTD,0,1 Jul 26,30 Jun 26,1%,1 Jul 25,2 Jan 26,2 Apr 26,1 Jun 26,24 Jun 26,OPEN,,25 Jul 26,,On Progress,28 Jul 26,07-27-26,,,,,,,
43,PLTD LANIPA NIPA #02 (DEUTZ),MO,PLTD,33,19/01/2026,20 Feb 26,100%,19/01/2025,23/07/2025,21/10/2025,20/12/2025,12/01/2026,CLOSE,,20 Jan 26,6 Jun 26,Selesai,,,,,,,,,
44,PLTD EREKE #11 (CUMMINS),Final Stage,PLTD,21,15/01/2026,4 Feb 26,100%,,19/07/2025,17/10/2025,16/12/2025,08/01/2026,CLOSE,,18 Jan 26,25 Feb 26,Selesai,,,,,,,,,
45,PLTD RAHA #10 (CUMMINS),2ND STAGE,PLTD,11,01/09/2026,11 Sep 26,0%,,05/03/2026,03/06/2026,02/08/2026,25/08/2026,OPEN,,,,,6 Sep 26,09-16-26,,,,,,,
46,PLTD KOLAKA #05 (DAIHATSU),MO,PLTD,23,12/01/2026,3 Feb 26,100%,,16/07/2025,14/10/2025,13/12/2025,05/01/2026,CLOSE,,13 Jan 26,9 Mar 26,selesai,,,,,,,,,
,,,,,,,,,,,,,,,,,,,,,,,,,,
1,PLTD WUA-WUA #01 (MAK),SO,PLTD,15,10/05/2027,24/05/2027,0%,,11/11/2026,09/02/2027,10/04/2027,03/05/2027,OPEN,,13 Jan 26,9 Mar 26,,,,,,,,,,
2,PLTD WUA-WUA #05 (MAK),TO,PLTD,15,23/08/2027,06/09/2027,0%,,24/02/2027,25/05/2027,24/07/2027,16/08/2027,OPEN,,14 Jan 26,10 Mar 26,,,,,,,,,,
3,PLTD POASIA #02 (MIRRLEES),MO,PLTD,18,13/09/2027,30/09/2027,0%,13/09/2026,17/03/2027,15/06/2027,14/08/2027,06/09/2027,OPEN,,15 Jan 26,11 Mar 26,,,,,,,,,,
4,PLTD KOLAKA #04 (DAIHATSU),TO,PLTD,14,19/02/2027,04/03/2027,0%,,23/08/2026,21/11/2026,20/01/2027,12/02/2027,OPEN,,16 Jan 26,12 Mar 26,,,,,,,,,,
5,PLTD KOLAKA #07 (NIIGATA),MO,PLTD,30,03/05/2027,01/06/2027,0%,03/05/2026,04/11/2026,02/02/2027,03/04/2027,26/04/2027,OPEN,,17 Jan 26,13 Mar 26,,,,,,,,,,
6,PLTD KOLAKA #08 (MAK),MO,PLTD,15,28/05/2027,11/06/2027,0%,28/05/2026,29/11/2026,27/02/2027,28/04/2027,21/05/2027,OPEN,,18 Jan 26,14 Mar 26,,,,,,,,,,
7,PLTD LANIPA NIPA #03 (DEUTZ),MO,PLTD,15,28/10/2027,11/11/2027,0%,28/10/2026,01/05/2027,30/07/2027,28/09/2027,21/10/2027,OPEN,,19 Jan 26,15 Mar 26,,,,,,,,,,
8,PLTM SABILAMBO #01,AI,PLTM,7,01/07/2027,07/07/2027,0%,,02/01/2027,02/04/2027,01/06/2027,24/06/2027,OPEN,,20 Jan 26,16 Mar 26,,,,,,,,,,
9,PLTM SABILAMBO #02,AI,PLTM,7,01/07/2027,07/07/2027,0%,,02/01/2027,02/04/2027,01/06/2027,24/06/2027,OPEN,,21 Jan 26,17 Mar 26,,,,,,,,,,
10,PLTM MIKUASI #01,GI,PLTM,10,01/11/2027,10/11/2027,0%,,05/05/2027,03/08/2027,02/10/2027,25/10/2027,OPEN,,22 Jan 26,18 Mar 26,,,,,,,,,,
11,PLTD BAU-BAU #13 (DEUTZ),MO,PLTD,15,09/08/2027,23/08/2027,0%,09/08/2026,10/02/2027,11/05/2027,10/07/2027,02/08/2027,OPEN,,23 Jan 26,19 Mar 26,,,,,,,,,,
12,PLTD BAU-BAU #16 (CUMMINS),2ND STAGE,PLTD,11,13/02/2027,23/02/2027,0%,,17/08/2026,15/11/2026,14/01/2027,06/02/2027,OPEN,,24 Jan 26,20 Mar 26,,,,,,,,,,
13,PLTM WINNING #01,MO,PLTM,30,13 Oct 2027,11 Nov 2027,0%,13 Oct 2026,16 Apr 2027,15 Jul 2027,13 Sep 2027,6 Oct 2027,OPEN,,25 Jan 26,21 Mar 26,,,,,,,,,,
14,PLTM WINNING #02,AI,PLTM,7,05/10/2027,11/10/2027,0%,,08/04/2027,07/07/2027,05/09/2027,28/09/2027,OPEN,,26 Jan 26,22 Mar 26,,,,,,,,,,
15,PLTM RONGI #01,MO,PLTM,30,10/05/2027,08/06/2027,0%,10/05/2026,11/11/2026,09/02/2027,10/04/2027,03/05/2027,OPEN,,27 Jan 26,23 Mar 26,,,,,,,,,,
16,PLTM RONGI #02,MO,PLTM,30,25/05/2027,23/06/2027,0%,25/05/2026,26/11/2026,24/02/2027,25/04/2027,18/05/2027,OPEN,,28 Jan 26,24 Mar 26,,,,,,,,,,
17,PLTD RAHA #07 (CUMMINS),2ND STAGE,PLTD,11,09/11/2027,19/11/2027,0%,,13/05/2027,11/08/2027,10/10/2027,02/11/2027,OPEN,,29 Jan 26,25 Mar 26,,,,,,,,,,
18,PLTD RAHA #09 (CUMMINS),2ND STAGE,PLTD,11,01/09/2027,11/09/2027,0%,,05/03/2027,03/06/2027,02/08/2027,25/08/2027,OPEN,,30 Jan 26,26 Mar 26,,,,,,,,,,
19,PLTD RAHA #10 (CUMMINS),Final Stage,PLTD,11,18/09/2027,28/09/2027,0%,18/09/2026,22/03/2027,20/06/2027,19/08/2027,11/09/2027,OPEN,,31 Jan 26,27 Mar 26,,,,,,,,,,
20,PLTD RAHA #11 (CUMMINS),2ND STAGE,PLTD,11,19/10/2027,29/10/2027,0%,,22/04/2027,21/07/2027,19/09/2027,12/10/2027,OPEN,,1 Feb 26,28 Mar 26,,,,,,,,,,
21,PLTD RAHA #12 (MITSUBISHI),SO,PLTD,8,04/11/2027,11/11/2027,0%,,08/05/2027,06/08/2027,05/10/2027,28/10/2027,OPEN,,2 Feb 26,29 Mar 26,,,,,,,,,,
22,PLTD RAHA #13 (MITSUBISHI),TO,PLTD,8,20/11/2027,27/11/2027,0%,,24/05/2027,22/08/2027,21/10/2027,13/11/2027,OPEN,,3 Feb 26,30 Mar 26,,,,,,,,,,
23,PLTD RAHA #14 (MITSUBISHI),TO,PLTD,8,23/11/2027,30/11/2027,0%,,27/05/2027,25/08/2027,24/10/2027,16/11/2027,OPEN,,4 Feb 26,31 Mar 26,,,,,,,,,,
24,PLTD EREKE #04 (DAIHATSU),TO,PLTD,14,01/11/2027,14/11/2027,0%,,05/05/2027,03/08/2027,02/10/2027,25/10/2027,OPEN,,5 Feb 26,1 Apr 26,,,,,,,,,,
25,PLTD EREKE #06 (DAIHATSU),TO,PLTD,14,01/08/2027,14/08/2027,0%,,02/02/2027,03/05/2027,02/07/2027,25/07/2027,OPEN,,6 Feb 26,2 Apr 26,,,,,,,,,,
26,PLTD EREKE #10 (CUMMINS),Final Stage,PLTD,11,16/07/2027,26/07/2027,0%,16/07/2026,17/01/2027,17/04/2027,16/06/2027,09/07/2027,OPEN,,7 Feb 26,3 Apr 26,,,,,,,,,,
27,PLTD EREKE #11 (CUMMINS),Final Stage,PLTD,11,02/05/2027,12/05/2027,0%,02/05/2026,03/11/2026,01/02/2027,02/04/2027,25/04/2027,OPEN,,8 Feb 26,4 Apr 26,,,,,,,,,,
28,PLTD EREKE #12 (CUMMINS) (EX PLTD BAUBAU #18),Final Stage,PLTD,11,15/06/2027,25/06/2027,0%,15/06/2026,17/12/2026,17/03/2027,16/05/2027,08/06/2027,OPEN,,9 Feb 26,5 Apr 26,,,,,,,,,,
29,PLTD WANGI-WANGI #01 (DAIHATSU),MO,PLTD,14,13/04/2027,26/04/2027,0%,13/04/2026,15/10/2026,13/01/2027,14/03/2027,06/04/2027,OPEN,,10 Feb 26,6 Apr 26,,,,,,,,,,
30,PLTD WANGI-WANGI #04 (SWD),TO,PLTD,16,25/05/2027,09/06/2027,0%,,26/11/2026,24/02/2027,25/04/2027,18/05/2027,OPEN,,11 Feb 26,7 Apr 26,,,,,,,,,,
31,PLTD WANGI-WANGI #05 (SWD),TO,PLTD,16,06/06/2027,21/06/2027,0%,,08/12/2026,08/03/2027,07/05/2027,30/05/2027,OPEN,,12 Feb 26,8 Apr 26,,,,,,,,,,
32,PLTD WANGI-WANGI #07 (CUMMINS),Final Stage,PLTD,11,19/06/2027,29/06/2027,0%,19/06/2026,21/12/2026,21/03/2027,20/05/2027,12/06/2027,OPEN,,13 Feb 26,9 Apr 26,,,,,,,,,,
33,PLTD WANGI-WANGI #08 (MITSUBISHI) (EX-PLTD GI TELLO),MO,PLTD,8,27/03/2027,03/04/2027,0%,27/03/2026,28/09/2026,27/12/2026,25/02/2027,20/03/2027,OPEN,,14 Feb 26,10 Apr 26,,,,,,,,,,
34,PLTD WANGI-WANGI #09 (MITSUBISHI) (EX-PLTD GI TELLO),MO,PLTD,8,17/04/2027,24/04/2027,0%,17/04/2026,19/10/2026,17/01/2027,18/03/2027,10/04/2027,OPEN,,15 Feb 26,11 Apr 26,,,,,,,,,,
35,PLTD WANGI-WANGI #10 (Mitsubishi) EX PLTD BAU-BAU #23,TO,PLTD,8,05/01/2027,12/01/2027,0%,,09/07/2026,07/10/2026,06/12/2026,29/12/2026,OPEN,,16 Feb 26,12 Apr 26,,,,,,,,,,
36,PLTD WANGI-WANGI #11 (CUMMINS) EX PLTD BAU-BAU #20,2ND STAGE,PLTD,11,20/05/2027,30/05/2027,0%,,21/11/2026,19/02/2027,20/04/2027,13/05/2027,OPEN,,17 Feb 26,13 Apr 26,,,,,,,,,,
37,PLTD WANGI-WANGI #12 (MITSUBISHI) EX PLTD BAU-BAU #22,TO,PLTD,8,20/10/2027,27/10/2027,0%,,23/04/2027,22/07/2027,20/09/2027,13/10/2027,OPEN,,18 Feb 26,14 Apr 26,,,,,,,,,,
38,PLTD LANGARA #08 (MAN),MO,PLTD,18,09/11/2027,26/11/2027,0%,09/11/2026,13/05/2027,11/08/2027,10/10/2027,02/11/2027,OPEN,,19 Feb 26,15 Apr 26,,,,,,,,,,
39,PLTD LANGARA #10 (CATERPILLAR),TO,PLTD,10,25/05/2027,03/06/2027,0%,,26/11/2026,24/02/2027,25/04/2027,18/05/2027,OPEN,,20 Feb 26,16 Apr 26,,,,,,,,,,
40,PLTD LANGARA #11 (CUMMINS),2ND STAGE,PLTD,13,10/10/2027,22/10/2027,0%,,13/04/2027,12/07/2027,10/09/2027,03/10/2027,OPEN,,21 Feb 26,17 Apr 26,,,,,,,,,,
41,PLTD LANGARA #12 (CUMMINS),2ND STAGE,PLTD,13,27/11/2027,09/12/2027,0%,,31/05/2027,29/08/2027,28/10/2027,20/11/2027,OPEN,,22 Feb 26,18 Apr 26,,,,,,,,,,
42,PLTD LANGARA #13 (MAN),MO,PLTD,14,26/07/2027,08/08/2027,0%,26/07/2026,27/01/2027,27/04/2027,26/06/2027,19/07/2027,OPEN,,23 Feb 26,19 Apr 26,,,,,,,,,,
43,PLTD LANGARA #14,MO,PLTD,18,15/09/2027,02/10/2027,0%,15/09/2026,19/03/2027,17/06/2027,16/08/2027,08/09/2027,OPEN,,24 Feb 26,20 Apr 26,,,,,,,,,,
44,PLTD LANGARA #15,MO,PLTD,18,25 Mar 2027,11 Apr 2027,0%,25 Mar 2026,26 Sep 2026,25 Dec 2026,23 Feb 2027,18 Mar 2027,OPEN,,25 Feb 26,21 Apr 26,,,,,,,,,,
45,PLTD WANGI-WANGI #13,TO1,PLTD,15,3 Nov 27,17 Nov 27,0%,,7 May 27,5 Aug 27,4 Oct 27,27 Oct 27,OPEN,,26 Feb 26,22 Apr 26,,,,,,,,,,
46,PLTD WANGI-WANGI #14,TO2,PLTD,18,20 Nov 27,7 Dec 27,0%,,24 May 27,22 Aug 27,21 Oct 27,13 Nov 27,OPEN,,27 Feb 26,23 Apr 26,,,,,,,,,,
47,PLTG KOLAKA #1,HSEI,PLTG,30,21 Jun 27,20 Jul 27,0%,,23 Dec 26,23 Mar 27,22 May 27,14 Jun 27,OPEN,,27 Feb 26,23 Apr 26,,,,,,,,,,
,,,,,,,,,,,,,,,,,,,,,,,,,,
1,PLTD WUA-WUA #01 (MAK),TO,PLTD,15,1 Jan 28,15 Jan 28,0%,,5 Jul 27,3 Oct 27,2 Dec 27,25 Dec 27,OPEN,,1 Mar 26,25 Apr 26,,,,,,,,,,
2,PLTD WUA-WUA #02 (MAK),TO,PLTD,15,23 Feb 2028,8 Mar 2028,0%,,27 Aug 2027,25 Nov 2027,24 Jan 2028,16 Feb 2028,OPEN,,2 Mar 26,26 Apr 26,,,,,,,,,,
3,PLTD WUA-WUA #03 (MAK),SO,PLTD,20,1 January 28,20 January 28,0%,,5 July 27,3 October 27,2 December 27,25 December 27,OPEN,,3 Mar 26,27 Apr 26,,,,,,,,,,
4,PLTD WUA-WUA #04 (MAK),TO,PLTD,15,15 Jan 28,29 Jan 28,0%,,19 Jul 27,17 Oct 27,16 Dec 27,8 Jan 28,OPEN,,4 Mar 26,28 Apr 26,,,,,,,,,,
5,PLTD POASIA #01 (MIRRLEES),SO,PLTD,23,1 Dec 28,23 Dec 28,0%,,4 Jun 28,2 Sep 28,1 Nov 28,24 Nov 28,OPEN,,5 Mar 26,29 Apr 26,,,,,,,,,,
6,PLTD POASIA #06 (CUMMINS) EX PLTD BAUBAU #14,2ND STAGE,PLTD,11,22 Feb 28,3 Mar 28,0%,,26 Aug 27,24 Nov 27,23 Jan 28,15 Feb 28,OPEN,,6 Mar 26,30 Apr 26,,,,,,,,,,
7,PLTD POASIA #07 (CUMMINS) EX PLTD BAUBAU #15,2ND STAGE,PLTD,11,25 Mar 28,4 Apr 28,0%,,27 Sep 27,26 Dec 27,24 Feb 28,18 Mar 28,OPEN,,7 Mar 26,1 May 26,,,,,,,,,,
8,PLTD POASIA #08 (CUMMINS) EX PLTD BAUBAU #19,Final Stage,PLTD,29,1 Jan 28,29 Jan 28,0%,1 Jan 27,5 Jul 27,3 Oct 27,2 Dec 27,25 Dec 27,OPEN,,8 Mar 26,2 May 26,,,,,,,,,,
9,PLTD KOLAKA #03 (DAIHATSU),TO,PLTD,14,1 Dec 28,14 Dec 28,0%,,4 Jun 28,2 Sep 28,1 Nov 28,24 Nov 28,OPEN,,9 Mar 26,3 May 26,,,,,,,,,,
10,PLTD KOLAKA #05 (DAIHATSU),TO,PLTD,14,2 Jan 28,15 Jan 28,0%,,6 Jul 27,4 Oct 27,3 Dec 27,26 Dec 27,OPEN,,10 Mar 26,4 May 26,,,,,,,,,,
11,PLTD KOLAKA #09 (MAK),TO,PLTD,15,2 Jan 28,16 Jan 28,0%,,6 Jul 27,4 Oct 27,3 Dec 27,26 Dec 27,OPEN,,11 Mar 26,5 May 26,,,,,,,,,,
12,PLTD LANIPA NIPA #02 (DEUTZ),TO,PLTD,15,9 Mar 28,23 Mar 28,0%,,11 Sep 27,10 Dec 27,8 Feb 28,2 Mar 28,OPEN,,12 Mar 26,6 May 26,,,,,,,,,,
13,PLTD LANIPA NIPA #04 (DEUTZ),TO,PLTD,15,1 Aug 29,15 Aug 29,0%,,2 Feb 29,3 May 29,2 Jul 29,25 Jul 29,OPEN,,13 Mar 26,7 May 26,,,,,,,,,,
14,PLTD LANIPA NIPA #09 (MAN),SO,PLTD,15,1 Jun 28,15 Jun 28,0%,,4 Dec 27,3 Mar 28,2 May 28,25 May 28,OPEN,,14 Mar 26,8 May 26,,,,,,,,,,
15,PLTM SABILAMBO #01,AI,PLTD,7,1 November 28,7 November 28,0%,,5 May 28,3 August 28,2 October 28,25 October 28,OPEN,,15 Mar 26,9 May 26,,,,,,,,,,
16,PLTM SABILAMBO #02,AI,PLTD,7,1 Nov28,7 Nov28,0%,,5 May28,3 Aug28,2 Oct28,25 Oct28,OPEN,,16 Mar 26,10 May 26,,,,,,,,,,
17,PLTM MIKUASI #01,AI,PLTD,7,1 Nov28,7 Nov28,0%,,5 May28,3 Aug28,2 Oct28,25 Oct28,OPEN,,17 Mar 26,11 May 26,,,,,,,,,,
18,PLTD BAU-BAU #16 (CUMMINS),Final Stage,PLTD,29,1 Jul 28,29 Jul 28,0%,2 Jul 27,3 Jan 28,2 Apr 28,1 Jun 28,24 Jun 28,OPEN,,18 Mar 26,12 May 26,,,,,,,,,,
19,PLTD BAU-BAU #17 (CUMMINS),Final Stage,PLTD,29,1 January 28,29 January 28,0%,1 January 27,5 July 27,3 October 27,2 December 27,25 December 27,OPEN,,19 Mar 26,13 May 26,,,,,,,,,,
20,PLTD RAHA #04 (DAIHATSU),SO,PLTD,18,1 Jan 28,18 Jan 28,0%,,5 Jul 27,3 Oct 27,2 Dec 27,25 Dec 27,OPEN,,20 Mar 26,14 May 26,,,,,,,,,,
21,PLTD RAHA #05 (MIRRLEES),TO,PLTD,18,1 May 28,18 May 28,0%,,3 Nov 27,1 Feb 28,1 Apr 28,24 Apr 28,OPEN,,21 Mar 26,15 May 26,,,,,,,,,,
22,PLTD RAHA #08 (CUMMINS),2ND STAGE,PLTD,11,1 Jan 28,11 Jan 28,0%,,5 Jul 27,3 Oct 27,2 Dec 27,25 Dec 27,OPEN,,22 Mar 26,16 May 26,,,,,,,,,,
23,PLTD RAHA #14 (MITSUBISHI),TO,PLTD,8,2 Dec 28,9 Dec 28,0%,,5 Jun 28,3 Sep 28,2 Nov 28,25 Nov 28,OPEN,,23 Mar 26,17 May 26,,,,,,,,,,
24,PLTD EREKE #07 (DAIHATSU),SO,PLTD,18,3 October 28,20 October 28,0%,,6 April 28,5 July 28,3 September 28,26 September 28,OPEN,,24 Mar 26,18 May 26,,,,,,,,,,
25,PLTD EREKE #09 (DAIHATSU),TO,PLTD,14,25 October 28,7 November 28,0%,,28 April 28,27 July 28,25 September 28,18 October 28,OPEN,,25 Mar 26,19 May 26,,,,,,,,,,
26,PLTD EREKE #10 (CUMMINS),2ND STAGE,PLTD,11,1 Jul 29,11 Jul 29,0%,,2 Jan 29,2 Apr 29,1 Jun 29,24 Jun 29,OPEN,,26 Mar 26,20 May 26,,,,,,,,,,
27,PLTD EREKE #11 (CUMMINS),2ND STAGE,PLTD,13,24 April 2028,6 May 2028,0%,,27 October 2027,25 January 2028,25 March 2028,17 April 2028,OPEN,,27 Mar 26,21 May 26,,,,,,,,,,
28,PLTD EREKE #12 (CUMMINS) (EX PLTD BAUBAU #18),2ND STAGE,PLTD,11,6 January 29,16 January 29,0%,,10 July 28,8 October 28,7 December 28,30 December 28,OPEN,,28 Mar 26,22 May 26,,,,,,,,,,
29,PLTD WANGI-WANGI #07 (CUMMINS),2ND STAGE,PLTD,11,8/23/2028,9/2/2028,0%,,2/25/2028,5/25/2028,7/24/2028,8/16/2028,OPEN,,29 Mar 26,23 May 26,,,,,,,,,,
30,PLTD WANGI-WANGI #08 (MITSUBISHI) (EX-PLTD GI TELLO),TO,PLTD,8,1 Jan 29,8 Jan 29,0%,,5 Jul 28,3 Oct 28,2 Dec 28,25 Dec 28,OPEN,,30 Mar 26,24 May 26,,,,,,,,,,
31,PLTD WANGI-WANGI #09 (MITSUBISHI) (EX-PLTD GI TELLO),TO,PLTD,8,6 Jul 28,13 Jul 28,0%,,8 Jan 28,7 Apr 28,6 Jun 28,29 Jun 28,OPEN,,31 Mar 26,25 May 26,,,,,,,,,,
32,PLTD WANGI-WANGI #10 (Mitsubishi) EX PLTD BAU-BAU #23,SO,PLTD,12,1 Jan 28,12 Jan 28,0%,,5 Jul 27,3 Oct 27,2 Dec 27,25 Dec 27,OPEN,,1 Apr 26,26 May 26,,,,,,,,,,
33,PLTD WANGI-WANGI #12 (MITSUBISHI) EX PLTD BAU-BAU #22,SO,PLTD,12,1 Feb 28,12 Feb 28,0%,,5 Aug 27,3 Nov 27,2 Jan 28,25 Jan 28,OPEN,,2 Apr 26,27 May 26,,,,,,,,,,
34,PLTD LANGARA #11 (CUMMINS),Final Stage,PLTD,21,2/20/2028,3/11/2028,0%,2/20/2027,8/24/2027,11/22/2027,1/21/2028,2/13/2028,OPEN,,3 Apr 26,28 May 26,,,,,,,,,,
35,PLTD LANGARA #12 (CUMMINS),Final Stage,PLTD,21,3/15/2028,4/4/2028,0%,3/16/2027,9/17/2027,12/16/2027,2/14/2028,3/8/2028,OPEN,,4 Apr 26,29 May 26,,,,,,,,,,
36,PLTD LANGARA #14,TO,PLTD,8,5 Sep 28,12 Sep 28,0%,,9 Mar 28,7 Jun 28,6 Aug 28,29 Aug 28,OPEN,,5 Apr 26,30 May 26,,,,,,,,,,
37,PLTD LANGARA #15,TO,PLTD,8,20 Mar 28,27 Mar 28,0%,,22 Sep 27,21 Dec 27,19 Feb 28,13 Mar 28,OPEN,,6 Apr 26,31 May 26,,,,,,,,,,
38,PLTD WANGI-WANGI #13,SO,PLTD,12,20 Mar 28,31 Mar 28,0%,,22 Sep 27,21 Dec 27,19 Feb 28,13 Mar 28,OPEN,,7 Apr 26,1 Jun 26,,,,,,,,,,
39,PLTD WANGI-WANGI #14,MO,PLTD,16,20 May 28,4 June 28,0%,21 May 27,22 November 27,20 February 28,20 April 28,13 May 28,OPEN,,8 Apr 26,2 Jun 26,,,,,,,,,,
,,,,,,,,,,,,,,,,,,,,,,,,,,
1,PLTD WUA-WUA #05 (MAK),SO,PLTD,20,1 Nov 29,20 Nov 29,0%,,5 May 29,3 Aug 29,2 Oct 29,25 Oct 29,OPEN,,10 Apr 26,4 Jun 26,,,,,,,,,,
2,PLTD POASIA #02 (MIRRLEES),TO,PLTD,18,1 Dec 29,18 Dec 29,0%,,4 Jun 29,2 Sep 29,1 Nov 29,24 Nov 29,OPEN,,11 Apr 26,5 Jun 26,,,,,,,,,,
3,PLTD POASIA #05 (MIRRLEES),TO,PLTD,18,04/24/2029,05/12/2029,0%,,10/26/2028,01/24/2029,03/25/2029,04/17/2029,OPEN,,12 Apr 26,6 Jun 26,,,,,,,,,,
4,PLTD KOLAKA #04 (DAIHATSU),SO,PLTD,18,25 Jan 2029,11 Feb 2029,0%,,29 Jul 2028,27 Oct 2028,26 Dec 2028,18 Jan 2029,OPEN,,13 Apr 26,7 Jun 26,,,,,,,,,,
5,PLTD KOLAKA #08 (MAK),TO,PLTD,15,06/23/29,07/07/29,0%,,12/25/28,03/25/29,05/24/29,06/16/29,OPEN,,14 Apr 26,8 Jun 26,,,,,,,,,,
6,PLTM MIKUASI #01,AI,PLTD,7,1/10/29,1/17/29,0%,,7/14/28,10/12/28,12/11/28,1/3/29,OPEN,,15 Apr 26,9 Jun 26,,,,,,,,,,
7,PLTD BAU-BAU #07 (DEUTZ),SO,PLTD,22,18 Jul 2029,8 Aug 2029,0%,,19 Jan 2029,19 Apr 2029,18 Jun 2029,11 Jul 2029,OPEN,,16 Apr 26,10 Jun 26,,,,,,,,,,
8,PLTD BAU-BAU #08 (DEUTZ),TO,PLTD,15,01-04-29,01-18-29,0%,,07-08-28,10-06-28,12-05-28,12-28-28,OPEN,,17 Apr 26,11 Jun 26,,,,,,,,,,
9,PLTD BAU-BAU #13 (DEUTZ),TO,PLTD,15,23 April 29,7 May 29,0%,,25 October 28,23 January 29,24 March 29,16 April 29,OPEN,,18 Apr 26,12 Jun 26,,,,,,,,,,
10,PLTM WINNING #01,AI,PLTM,7,03/16/2029,03/23/2029,0%,,09/17/2028,12/16/2028,02/14/2029,03/09/2029,OPEN,,19 Apr 26,13 Jun 26,,,,,,,,,,
11,PLTM WINNING #02,AI,PLTM,7,01/30/2029,02/06/2029,0%,,08/03/2028,11/01/2028,12/31/2028,01/23/2029,OPEN,,20 Apr 26,14 Jun 26,,,,,,,,,,
12,PLTM RONGI #01,AI,PLTM,7,01/16/2029,01/23/2029,0%,,07/20/2028,10/18/2028,12/17/2028,01/09/2029,OPEN,,21 Apr 26,15 Jun 26,,,,,,,,,,
13,PLTM RONGI #02,AI,PLTM,7,01/16/2029,01/23/2029,0%,,07/20/2028,10/18/2028,12/17/2028,01/09/2029,OPEN,,22 Apr 26,16 Jun 26,,,,,,,,,,
14,PLTD RAHA #06 (DEUTZ),SO,PLTD,22,05/22/29,06/12/29,0%,,11/23/28,02/21/29,04/22/29,05/15/29,OPEN,,23 Apr 26,17 Jun 26,,,,,,,,,,
15,PLTD RAHA #07 (CUMMINS),Final Stage,PLTD,29,07/23/2029,08/21/2029,0%,07/23/2028,01/24/2029,04/24/2029,06/23/2029,07/16/2029,OPEN,,24 Apr 26,18 Jun 26,,,,,,,,,,
16,PLTD RAHA #15 (Mitsubishi) EX PLTD BAU-BAU #21,SO,PLTD,12,1/1/2029,1/12/2029,0%,,7/5/2028,10/3/2028,12/2/2028,12/25/2028,OPEN,,25 Apr 26,19 Jun 26,,,,,,,,,,
17,PLTD EREKE #06 (DAIHATSU),SO,PLTD,18,01/02/29,01/19/29,0%,,07/06/28,10/04/28,12/03/28,12/26/28,OPEN,,26 Apr 26,20 Jun 26,,,,,,,,,,
18,PLTD EREKE #10 (CUMMINS),Final Stage,PLTD,29,01/07/29,02/04/29,0%,01/08/28,07/11/28,10/09/28,12/08/28,12/31/28,OPEN,,27 Apr 26,21 Jun 26,,,,,,,,,,
19,PLTD EREKE #11 (CUMMINS),Final Stage,PLTD,21,04/20/29,05/10/29,0%,04/20/28,10/22/28,01/20/29,03/21/29,04/13/29,OPEN,,28 Apr 26,22 Jun 26,,,,,,,,,,
20,PLTD EREKE #12 (CUMMINS) (EX PLTD BAUBAU #18),Final Stage,PLTD,29,01/06/29,02/03/29,0%,01/07/28,07/10/28,10/08/28,12/07/28,12/30/28,OPEN,,29 Apr 26,23 Jun 26,,,,,,,,,,
21,PLTD WANGI-WANGI #07 (CUMMINS),Final Stage,PLTD,29,08/23/2029,09/20/2029,0%,08/23/2028,02/24/2029,05/25/2029,07/24/2029,08/16/2029,OPEN,,30 Apr 26,24 Jun 26,,,,,,,,,,
22,PLTD WANGI-WANGI #08 (MITSUBISHI) (EX-PLTD GI TELLO),SO,PLTD,12,1/1/2029,1/12/2029,0%,,7/5/2028,10/3/2028,12/2/2028,12/25/2028,OPEN,,1 May 26,25 Jun 26,,,,,,,,,,
23,PLTD WANGI-WANGI #09 (MITSUBISHI) (EX-PLTD GI TELLO),SO,PLTD,12,06/07/29,06/18/29,0%,,12/09/28,03/09/29,05/08/29,05/31/29,OPEN,,2 May 26,26 Jun 26,,,,,,,,,,
24,PLTD WANGI-WANGI #10 (Mitsubishi) EX PLTD BAU-BAU #23,TO,PLTD,8,1/5/2029,1/12/2029,0%,,7/9/2028,10/7/2028,12/6/2028,12/29/2028,OPEN,,3 May 26,27 Jun 26,,,,,,,,,,
25,PLTD WANGI-WANGI #11 (CUMMINS) EX PLTD BAU-BAU #20,Final Stage,PLTD,29,16 Feb 29,16 Mar 29,0%,17 Feb 28,20 Aug 28,18 Nov 28,17 Jan 29,9 Feb 29,OPEN,,4 May 26,28 Jun 26,,,,,,,,,,
26,PLTD LANGARA #10 (CATERPILLAR),SO,PLTD,15,04/27/29,05/11/29,0%,,10/29/28,01/27/29,03/28/29,04/20/29,OPEN,,5 May 26,29 Jun 26,,,,,,,,,,
27,PLTD LANGARA #11 (CUMMINS),2ND STAGE,PLTD,13,08/20/29,09/01/29,0%,,02/21/29,05/22/29,07/21/29,08/13/29,OPEN,,6 May 26,30 Jun 26,,,,,,,,,,
28,PLTD LANGARA #12 (CUMMINS),2ND STAGE,PLTD,13,07/17/29,07/29/29,0%,,01/18/29,04/18/29,06/17/29,07/10/29,OPEN,,7 May 26,1 Jul 26,,,,,,,,,,
29,PLTD LANGARA #13 (MAN),TO,PLTD,15,07/04/29,07/18/29,0%,,01/05/29,04/05/29,06/04/29,06/27/29,OPEN,,8 May 26,2 Jul 26,,,,,,,,,,
30,PLTD LANGARA #14,SO,PLTD,12,08/25/29,09/05/29,0%,,02/26/29,05/27/29,07/26/29,08/18/29,OPEN,,9 May 26,3 Jul 26,,,,,,,,,,
31,PLTD LANGARA #15,SO,PLTD,12,03/15/29,03/26/29,0%,,09/16/28,12/15/28,02/13/29,03/08/29,OPEN,,10 May 26,4 Jul 26,,,,,,,,,,
32,PLTD WANGI-WANGI #13,TO1,PLTD,8,03/15/29,03/22/29,0%,,09/16/28,12/15/28,02/13/29,03/08/29,OPEN,,11 May 26,5 Jul 26,,,,,,,,,,
33,PLTD WANGI-WANGI #14,TO2,PLTD,8,03/15/29,03/22/29,0%,,09/16/28,12/15/28,02/13/29,03/08/29,OPEN,,12 May 26,6 Jul 26,,,,,,,,,,
34,PLTG KOLAKA #1,MO,PLTG,30,21 Jun 27,20 Jul 27,0%,21 Jun 26,23 Dec 26,23 Mar 27,22 May 27,14 Jun 27,OPEN,,27 Feb 26,23 Apr 26,,,,,,,,,,
,,,,,,,,,,,,,,,,,,,,,,,,,,
1,PLTD WUA-WUA #01 (MAK),MO,PLTD,35,02/01/2030,03/07/2030,0%,02/01/2029,08/05/2029,11/03/2029,01/02/2030,01/25/2030,OPEN,,11 May 26,5 Jul 26,,,,,,,,,,
2,PLTD WUA-WUA #02 (MAK),MO,PLTD,35,01/02/2030,03/07/2030,0%,01/02/2029,07/06/2029,10/04/2029,12/03/2029,12/26/2029,OPEN,,11 May 26,5 Jul 26,,,,,,,,,,
3,PLTD WUA-WUA #03 (MAK),TO,PLTD,15,01/23/2030,02/06/2030,0%,,07/27/2029,10/25/2029,12/24/2029,01/16/2030,OPEN,,11 May 26,5 Jul 26,,,,,,,,,,
4,PLTD WUA-WUA #04 (MAK),SO,PLTD,20,01/01/2030,02/06/2030,0%,,07/05/2029,10/03/2029,12/02/2029,12/25/2029,OPEN,,11 May 26,5 Jul 26,,,,,,,,,,
5,PLTD POASIA #06 (CUMMINS) EX PLTD BAUBAU #14,Final Stage,PLTD,29,07/01/2030,07/29/2030,0%,07/01/2029,01/02/2030,04/02/2030,06/01/2030,06/24/2030,OPEN,,11 May 26,5 Jul 26,,,,,,,,,,
6,PLTD POASIA #07 (CUMMINS) EX PLTD BAUBAU #15,Final Stage,PLTD,29,01/01/2030,07/29/2030,0%,01/01/2029,07/05/2029,10/03/2029,12/02/2029,12/25/2029,OPEN,,11 May 26,5 Jul 26,,,,,,,,,,
7,PLTD POASIA #08 (CUMMINS) EX PLTD BAUBAU #19,2ND STAGE,PLTD,11,01/01/2030,01/11/2030,0%,,07/05/2029,10/03/2029,12/02/2029,12/25/2029,OPEN,,11 May 26,5 Jul 26,,,,,,,,,,
8,PLTD KOLAKA #03 (DAIHATSU),MO,PLTD,23,12/25/2030,01/11/2030,0%,12/25/2029,6/28/2030,9/26/2030,11/25/2030,12/18/2030,OPEN,,11 May 26,5 Jul 26,,,,,,,,,,
9,PLTD KOLAKA #05 (DAIHATSU),SO,PLTD,18,02/16/2030,03/05/2030,0%,,08/20/2029,11/18/2029,01/17/2030,02/09/2030,OPEN,,11 May 26,5 Jul 26,,,,,,,,,,
10,PLTD KOLAKA #07 (NIIGATA),TO,PLTD,11,12/23/2030,1/3/2031,0%,,6/26/2030,9/24/2030,11/23/2030,12/16/2030,OPEN,,11 May 26,5 Jul 26,,,,,,,,,,
11,PLTD KOLAKA #09 (MAK),SO,PLTD,20,01/03/2030,01/22/2030,0%,,07/07/2029,10/05/2029,12/04/2029,12/27/2029,OPEN,,11 May 26,5 Jul 26,,,,,,,,,,
12,PLTD LANIPA NIPA #02 (DEUTZ),SO,PLTD,15,10/23/2030,01/22/2030,0%,,4/26/2030,7/25/2030,9/23/2030,10/16/2030,OPEN,,11 May 26,5 Jul 26,,,,,,,,,,
13,PLTD LANIPA NIPA #03 (DEUTZ),TO,PLTD,15,01/01/2030,01/15/2030,0%,,07/05/2029,10/03/2029,12/02/2029,12/25/2029,OPEN,,11 May 26,5 Jul 26,,,,,,,,,,
14,PLTD LANIPA NIPA #04 (DEUTZ),SO,PLTD,22,09/23/2030,01/15/2030,0%,,03/27/2030,06/25/2030,08/24/2030,09/16/2030,OPEN,,11 May 26,5 Jul 26,,,,,,,,,,
15,PLTD LANIPA NIPA #09 (MAN),TO,PLTD,11,02/16/2030,02/26/2030,0%,,08/20/2029,11/18/2029,01/17/2030,02/09/2030,OPEN,,11 May 26,5 Jul 26,,,,,,,,,,
16,PLTM SABILAMBO #01,GI,PLTM,14,01/03/2030,02/26/2030,0%,,07/07/2029,10/05/2029,12/04/2029,12/27/2029,OPEN,,11 May 26,5 Jul 26,,,,,,,,,,
17,PLTM SABILAMBO #02,GI,PLTM,14,01/03/2030,01/16/2030,0%,,07/07/2029,10/05/2029,12/04/2029,12/27/2029,OPEN,,11 May 26,5 Jul 26,,,,,,,,,,
18,PLTM MIKUASI #01,MO,PLTD,40,01/11/2030,01/16/2030,0%,01/11/2029,07/15/2029,10/13/2029,12/12/2029,01/04/2030,OPEN,,11 May 26,5 Jul 26,,,,,,,,,,
19,PLTD BAU-BAU #04 (DAIHATSU),TO,PLTD,14,01/01/2030,01/14/2030,0%,,07/05/2029,10/03/2029,12/02/2029,12/25/2029,OPEN,,11 May 26,5 Jul 26,,,,,,,,,,
20,PLTD BAU-BAU #16 (CUMMINS),2ND STAGE,PLTD,11,02/13/2030,01/14/2030,0%,,08/17/2029,11/15/2029,01/14/2030,02/06/2030,OPEN,,11 May 26,5 Jul 26,,,,,,,,,,
21,PLTD BAU-BAU #17 (CUMMINS),2ND STAGE,PLTD,11,02/13/30,02/23/30,0%,,08/17/29,11/15/29,01/14/30,02/06/30,OPEN,,11 May 26,5 Jul 26,,,,,,,,,,
22,PLTM WINNING #01,AI,PLTM,7,01/08/2030,02/23/30,0%,,07/12/2029,10/10/2029,12/09/2029,01/01/2030,OPEN,,11 May 26,5 Jul 26,,,,,,,,,,
23,PLTM WINNING #02,GI,PLTM,14,01/05/2030,01/18/2030,0%,,07/09/2029,10/07/2029,12/06/2029,12/29/2029,OPEN,,11 May 26,5 Jul 26,,,,,,,,,,
24,PLTM RONGI #01,AI,PLTM,7,08/16/2030,08/23/2030,0%,,02/17/2030,05/18/2030,07/17/2030,08/09/2030,OPEN,,11 May 26,5 Jul 26,,,,,,,,,,
25,PLTM RONGI #02,AI,PLTM,7,08/16/2030,08/23/2030,0%,,02/17/2030,05/18/2030,07/17/2030,08/09/2030,OPEN,,11 May 26,5 Jul 26,,,,,,,,,,
26,PLTD RAHA #08 (CUMMINS),Final Stage,PLTD,29,02/01/2030,08/22/2030,0%,02/01/2029,08/05/2029,11/03/2029,01/02/2030,01/25/2030,OPEN,,11 May 26,5 Jul 26,,,,,,,,,,
27,PLTD RAHA #09 (CUMMINS),Final Stage,PLTD,29,01/09/2030,02/06/2030,0%,01/09/2029,07/13/2029,10/11/2029,12/10/2029,01/02/2030,OPEN,,11 May 26,5 Jul 26,,,,,,,,,,
28,PLTD RAHA #10 (CUMMINS),2ND STAGE,PLTD,11,01/04/2030,02/06/2030,0%,,07/08/2029,10/06/2029,12/05/2029,12/28/2029,OPEN,,11 May 26,5 Jul 26,,,,,,,,,,
29,PLTD RAHA #11 (CUMMINS),Final Stage,PLTD,29,10/23/2030,11/20/2030,0%,10/23/2029,4/26/2030,7/25/2030,9/23/2030,10/16/2030,OPEN,,11 May 26,5 Jul 26,,,,,,,,,,
30,PLTD RAHA #12 (MITSUBISHI),MO,PLTD,16,01/02/2030,11/20/2030,0%,01/02/2029,07/06/2029,10/04/2029,12/03/2029,12/26/2029,OPEN,,11 May 26,5 Jul 26,,,,,,,,,,
31,PLTD EREKE #04 (DAIHATSU),SO,PLTD,18,3/15/2030,4/1/2030,0%,,9/16/2029,12/15/2029,2/13/2030,3/8/2030,OPEN,,11 May 26,5 Jul 26,,,,,,,,,,
32,PLTD EREKE #09 (DAIHATSU),MO,PLTD,23,8/3/2030,4/1/2030,0%,8/3/2029,2/4/2030,5/5/2030,7/4/2030,7/27/2030,OPEN,,11 May 26,5 Jul 26,,,,,,,,,,
33,PLTD EREKE #10 (CUMMINS),2ND STAGE,PLTD,11,10/06/30,10/16/30,0%,,04/09/30,07/08/30,09/06/30,09/29/30,OPEN,,11 May 26,5 Jul 26,,,,,,,,,,
34,PLTD EREKE #11 (CUMMINS),2ND STAGE,PLTD,13,04/13/30,10/16/30,0%,,10/15/29,01/13/30,03/14/30,04/06/30,OPEN,,11 May 26,5 Jul 26,,,,,,,,,,
35,PLTD EREKE #12 (CUMMINS) (EX PLTD BAUBAU #18),2ND STAGE,PLTD,11,05/23/30,06/02/30,0%,,11/24/29,02/22/30,04/23/30,05/16/30,OPEN,,11 May 26,5 Jul 26,,,,,,,,,,
36,PLTD WANGI-WANGI #01 (DAIHATSU),TO,PLTD,14,04/13/30,06/02/30,0%,,10/15/29,01/13/30,03/14/30,04/06/30,OPEN,,11 May 26,5 Jul 26,,,,,,,,,,
37,PLTD WANGI-WANGI #02 (DAIHATSU),MO,PLTD,23,08/18/30,09/09/30,0%,08/18/29,02/19/30,05/20/30,07/19/30,08/11/30,OPEN,,11 May 26,5 Jul 26,,,,,,,,,,
38,PLTD WANGI-WANGI #03 (SWD),SO,PLTD,15,07/05/30,09/09/30,0%,,01/06/30,04/06/30,06/05/30,06/28/30,OPEN,,11 May 26,5 Jul 26,,,,,,,,,,
39,PLTD WANGI-WANGI #04 (SWD),SO,PLTD,15,05/21/30,06/05/30,0%,,11/22/29,02/20/30,04/21/30,05/14/30,OPEN,,11 May 26,5 Jul 26,,,,,,,,,,
40,PLTD WANGI-WANGI #05 (SWD),SO,PLTD,15,06/06/30,06/04/30,0%,,12/08/29,03/08/30,05/07/30,05/30/30,OPEN,,11 May 26,5 Jul 26,,,,,,,,,,
41,PLTD WANGI-WANGI #07 (CUMMINS),2ND STAGE,PLTD,11,9/23/2030,10/3/2030,0%,,3/27/2030,6/25/2030,8/24/2030,9/16/2030,OPEN,,11 May 26,5 Jul 26,,,,,,,,,,
42,PLTD WANGI-WANGI #08 (MITSUBISHI) (EX-PLTD GI TELLO),TO,PLTD,8,3/1/2030,10/3/2030,0%,,9/2/2029,12/1/2029,1/30/2030,2/22/2030,OPEN,,11 May 26,5 Jul 26,,,,,,,,,,
43,PLTD WANGI-WANGI #09 (MITSUBISHI) (EX-PLTD GI TELLO),TO,PLTD,8,06/07/30,06/14/30,0%,,12/09/29,03/09/30,05/08/30,05/31/30,OPEN,,11 May 26,5 Jul 26,,,,,,,,,,
44,PLTD WANGI-WANGI #10 (Mitsubishi) EX PLTD BAU-BAU #23,MO,PLTD,16,01/03/30,06/14/30,0%,01/03/29,07/07/29,10/05/29,12/04/29,12/27/29,OPEN,,11 May 26,5 Jul 26,,,,,,,,,,
45,PLTD WANGI-WANGI #11 (CUMMINS) EX PLTD BAU-BAU #20,2ND STAGE,PLTD,11,7/23/2030,8/2/2030,0%,,1/24/2030,4/24/2030,6/23/2030,7/16/2030,OPEN,,11 May 26,5 Jul 26,,,,,,,,,,
46,PLTD WANGI-WANGI #12 (MITSUBISHI) EX PLTD BAU-BAU #22,TO,PLTD,8,1/5/2030,8/2/2030,0%,,7/9/2029,10/7/2029,12/6/2029,12/29/2029,OPEN,,11 May 26,5 Jul 26,,,,,,,,,,
47,PLTD LANGARA #08 (MAN),TO,PLTD,11,06/23/2030,07/04/2030,0%,,12/25/2029,03/25/2030,05/24/2030,06/16/2030,OPEN,,11 May 26,5 Jul 26,,,,,,,,,,
48,PLTD LANGARA #11 (CUMMINS),Final Stage,PLTD,21,02/20/30,03/13/30,0%,02/20/29,08/24/29,11/22/29,01/21/30,02/13/30,OPEN,,11 May 26,5 Jul 26,,,,,,,,,,
49,PLTD LANGARA #12 (CUMMINS),Final Stage,PLTD,21,03/15/30,04/04/30,0%,03/15/29,09/16/29,12/15/29,02/13/30,03/08/30,OPEN,,11 May 26,5 Jul 26,,,,,,,,,,
50,PLTD LANGARA #14,TO2,PLTD,8,09/15/30,09/23/30,0%,,03/19/30,06/17/30,08/16/30,09/08/30,OPEN,,11 May 26,5 Jul 26,,,,,,,,,,
51,PLTD LANGARA #15,TO2,PLTD,11,01/03/30,01/13/30,0%,,07/07/29,10/05/29,12/04/29,12/27/29,OPEN,,11 May 26,5 Jul 26,,,,,,,,,,
52,PLTD WANGI-WANGI #13,MO,PLTD,19,01/03/30,01/13/30,0%,01/03/29,07/07/29,10/05/29,12/04/29,12/27/29,OPEN,,11 May 26,5 Jul 26,,,,,,,,,,
53,PLTD WANGI-WANGI #14,SO,PLTD,15,01/03/30,01/17/30,0%,,07/07/29,10/05/29,12/04/29,12/27/29,OPEN,,11 May 26,5 Jul 26,,,,,,,,,,